country,iso2,region,city,postal
USA,US,NC,Dobson,27017
USA,US,TX,San Antonio,78232
Canada,CA,QC,Montreal,
USA,US,NY,Massapequa,11758
USA,US,CA,Riverside,92504
USA,US,CA,Concord,94521
Switzerland,CH,,,
USA,US,IN,Indianapolis,46234
USA,US,CA,Chico,95928
USA,US,TX,Cedar Park,78630
USA,US,GA,Acworth,30102
USA,US,NC,Sneads Ferry,
USA,US,NY,Bronx,10475
USA,US,CA,Temecula,92592
USA,US,CA,Moreno Valley,92555
USA,US,TX,Austin,78732
USA,US,GA,Alpharetta,30005
UK,GB,England,Hertfordshire,
USA,US,NV,North Las Vegas,89086
USA,US,UT,Herriman,84096
USA,US,TX,Dallas,75248
Germany,DE,,,
USA,US,PA,Bryn Mawr,19010
South Africa,ZA,,Johannesburg,
South Africa,ZA,,Johannesburg,2195
USA,US,TN,Nashville,
USA,US,NC,Huntersville,28078
USA,US,MI,Northville,48168
USA,US,NE,Bennington,68007
USA,US,FL,Palmetto,34221
USA,US,NH,Alton Bay,03810
USA,US,AR,Little Rock,
USA,US,OH,Columbus,43213
USA,US,MI,Capac,48014
USA,US,NY,Vestal,13850
USA,US,AZ,Mesa,
Australia,AU,,Melbourne,
USA,US,CA,Los Angeles,90035
USA,US,PA,Lancaster,17601
USA,US,VA,Charlottesville,22901
UAE,AE,,Dubai/Abu Dhabi,
USA,US,TN,Kingsport,37663
USA,US,UT,Spanish Fork,84660
Canada,CA,ON,London,
USA,US,ME,Dover-Foxcroft,04426
USA,US,NJ,Hoboken,07030
USA,US,UT,Salt Lake City,84106
USA,US,TX,Justin,76247
USA,US,FL,Inverness,34452
UK,GB,England,Surrey,
USA,US,WA,Walla Walla,99362
USA,US,VA,Wise,24293
USA,US,GA,Decatur,30030
USA,US,CA,San Luis Obispo,93401
USA,US,KY,Louisville,40211
USA,US,TX,Boerne/San Antonio,
USA,US,IN,New Albany,47150
USA,US,IA,West Des Moines,50265
USA,US,CA,Oakland,94611
USA,US,FL,Orlando,32832
USA,US,MD,Phoenix,21131
USA,US,GA,Carrollton,30116
USA,US,NC,Raleigh,27615
USA,US,FL,Miami,33183
USA,US,MA,Watertown,02472
USA,US,AL,Trussville,35173
USA,US,TN,Hermitage,37076
USA,US,OH,Barnesville,43713
USA,US,VA,Aylett,23009
USA,US,IL,Sycamore,60178
USA,US,MN,Mantorville,55955
USA,US,ID,Twin Falls,83301
UK,GB,England,Leicester,
USA,US,CA,Castro Valley,94546
USA,US,NH,Greenfield,03047
USA,US,UT,Logan,84341
USA,US,VA,Alexandria,22312
USA,US,NC,Gastonia,28056
USA,US,HI,Hilo,96720
USA,US,MO,Kansas City,64155
USA,US,FL,Miami,33133
USA,US,TX,Grapevine,76051
USA,US,NY,East Hampton,11937
UAE,AE,,Dubai,
USA,US,CA,Los Angeles,90046
UK,GB,England,"Launceston, Cornwall",PL15 9SP
USA,US,PA,Harleysville,19438
UK,GB,England,Dartford,
USA,US,MI,Whitehall,49461
USA,US,MA,Mansfield,02048
USA,US,PA,Pittsburgh,15234
USA,US,CO,Lakewood,80227
USA,US,NC,Durham,27705
USA,US,TX,Dallas,75209
USA,US,FL,North Port,34287
USA,US,CO,Lakewood,80228
USA,US,CA,Sunnyvale,94086
USA,US,MD,New Market,21774
USA,US,AK,Eagle River,99577
USA,US,NY,Wappingers Falls,12590
USA,US,GA,Augusta,
USA,US,IA,Spencer,51301
USA,US,CO,South Denver,
USA,US,CA,Clovis,
USA,US,MA,South Hamilton,01982
USA,US,LA,New Orleans,
Canada,CA,MB,Winnipeg,
USA,US,WA,Bothell,98011
USA,US,VA,Fredericksburg,22405
USA,US,NJ,Far Hills,07931
USA,US,KS,,
USA,US,GA,Atlanta,
USA,US,KY,Crestwood,40014
USA,US,SD,Wagner,57380
USA,US,GA,Atlanta,
USA,US,NC,Cary,27511
USA,US,MD,La Plata,20646
USA,US,OH,Dublin,43017
USA,US,MD,Mount Airy,21771
USA,US,NC,Charlotte,28209
USA,US,NJ,Annandale,08801
USA,US,KY,Louisville,40220
USA,US,TX,Arlington,76012
USA,US,NC,Greensboro,
USA,US,SC,Barnwell,29812
UK,GB,England,Nottinghamshire,
USA,US,IN,Bedford,47421
USA,US,TX,Royse City,75189
USA,US,HI,Wahiawa,96786
USA,US,GA,Watkinsville,30677
India,IN,,Mumbai,
USA,US,NH,Salem,03079
USA,US,TN,Sparta,38583
USA,US,TN,Murfreesboro,37128
USA,US,TX,College Station,77845
USA,US,TX,Spring,77386
USA,US,OH,Columbus,
USA,US,CA,Claremont,91711
USA,US,PA,Sellersville,18960
USA,US,OK,Oklahoma City,73162
USA,US,WA,Black Diamond,98010
USA,US,UT,Lehi,84043
South Africa,ZA,,Cape Town,7708
USA,US,FL,Bradenton,34208
USA,US,MI,Ann Arbor,48104
USA,US,NC,Statesville,28677
USA,US,GA,Covington,30014
USA,US,FL,Palm Beach,33480
USA,US,TX,Mansfield,
USA,US,TX,Lubbock,79424
USA,US,CA,Los Angeles,90033
USA,US,WV,St. Albans,25177
USA,US,AZ,Golden Valley,86413
USA,US,MO,Kirkwood,63122
Australia,AU,NSW,Ettalong Beach,2257
USA,US,TX,Dallas,75228
USA,US,TX,The Woodlands,77382
USA,US,GA,Columbus,31909
USA,US,NC,Charlotte,28269
USA,US,GA,Alpharetta,30022
USA,US,NC,Nebo,28761
USA,US,MA,Andover,01810
USA,US,KY,Hebron,41048
USA,US,ID,Rexburg,83440
USA,US,IN,St. Joe,46785
USA,US,NJ,Vineland,08360
UK,GB,England,London,
USA,US,UT,Salt Lake City,84117
USA,US,FL,Pembroke Pines,33028
USA,US,NC,Asheville,28801
USA,US,CA,San Diego,92139
USA,US,NY,Buffalo,
USA,US,FL,Orange City,32763
USA,US,NC,Greensboro,
UK,GB,England,London,
USA,US,MT,Bozeman,59718
USA,US,TX,Alvin,77511
USA,US,AZ,San Tan Valley,85140
USA,US,AZ,Scottsdale,
USA,US,CA,Santa Barbara,93108
USA,US,AZ,Marana,85653
Japan,JP,,Okinawa,
USA,US,AZ,Flagstaff,86001
Canada,CA,MB,Winnipeg,
USA,US,NJ,Newton,
UAE,AE,,Dubai,
USA,US,GA,Atlanta,30327
USA,US,ID,Boise,
USA,US,OK,Oklahoma City,73142
USA,US,MO,Nevada,
USA,US,PA,Bangor,18013
USA,US,TN,Collierville,38017
USA,US,DE,Bear,19701
USA,US,FL,Cape Coral,33904
USA,US,CA,Westlake Village,91361
USA,US,FL,Clermont,34711
USA,US,TX,Forney,75126
USA,US,AL,Jemison,35085
USA,US,PA,Philadelphia,19154
USA,US,CT,West Haven,06516
USA,US,OH,Columbus,
USA,US,MO,St. Louis,
USA,US,GA,Atlanta,30327
USA,US,PA,Carlisle,17013
USA,US,SC,Myrtle Beach,29588
USA,US,CA,Tarzana,91356
USA,US,FL,Ponte Vedra Beach,32082
USA,US,AZ,Tucson,85737
USA,US,NY,Fonda,12068
USA,US,NY,Brooklyn,11235
USA,US,TN,Selmer,38375
UAE,AE,,Dubai/Abu Dhabi,
USA,US,MN,St. Paul,55117
USA,US,IL,Marseilles,61341
USA,US,KS,Garden City,67846
USA,US,OR,Sutherlin,97479
USA,US,SC,Surfside Beach,29575
USA,US,CA,Temecula,
USA,US,TN,Farragut,37934
USA,US,IL,Crystal Lake,60014
USA,US,NJ,Flanders,07836
USA,US,GA,Atlanta,30339
USA,US,OH,Loveland,45140
USA,US,WA,Orting,98360
USA,US,MT,Kalispell,59901
USA,US,IL,Grayslake,60030
USA,US,TN,Murfreesboro,37130
USA,US,IA,Sioux City,51106
USA,US,PA,Laurys Station,18059
Nigeria,NG,,Lagos,
USA,US,AZ,Phoenix,85017
USA,US,FL,Port St. Lucie,34953
USA,US,WI,Sun Prairie,53590
UK,GB,England,Essex,
USA,US,AZ,Queen Creek,85142
USA,US,TX,Dallas,75205
UK,GB,England,Knutsford,WA16
USA,US,TN,Chattanooga,
USA,US,AZ,Gilbert,85298
USA,US,IA,Vinton,52349
USA,US,PA,Downingtown,19335
USA,US,PA,Pittston,18640
USA,US,KS,Newton,67114
USA,US,AL,Decatur,35601
USA,US,CA,Santa Rosa,95404
USA,US,PA,Perkasie,18944
USA,US,NJ,Port Murray,07865
UAE,AE,,Dubai,
UK,GB,England,West Malling,
USA,US,PA,Irwin,15642
USA,US,NH,Manchester,03103
USA,US,CA,Mission Viejo,92692
USA,US,NC,Rutherfordton,28139
Australia,AU,VIC,Kyneton,3444
USA,US,MO,Ballwin,63021
Australia,AU,NSW,Sydney,2153
UK,GB,England,London,
USA,US,NC,Charlotte,28215
USA,US,SC,Murrells Inlet,29576
USA,US,FL,Boca Raton,33428
USA,US,TN,Nashville,37209
USA,US,TN,Murfreesboro,37130
USA,US,TX,Smithville,78957
UK,GB,England,Liverpool,
USA,US,WA,Seattle,98118
USA,US,ID,Filer,83328
USA,US,CO,Grand Junction,81503
USA,US,FL,Stuart,
USA,US,VA,Williamsburg,23185
USA,US,TX,Magnolia,
USA,US,VA,Midlothian,23112
Canada,CA,AB,Medicine Hat,T1B 2G5
USA,US,IA,Woodburn,50275
UK,GB,England,Buckinghamshire,HP10
USA,US,UT,Cottonwood Heights,84121
USA,US,CA,Long Beach,90803
Canada,CA,AB,Edmonton,
USA,US,NY,New York,10282
USA,US,FL,Fort Myers area,
USA,US,IL,Darien,60561
USA,US,GA,Atlanta,30312
USA,US,NY,Kingston,12401
USA,US,OH,Cincinnati,45236
UK,GB,England,London,
USA,US,NJ,Union,07083
USA,US,MT,Kalispell,59901
USA,US,SC,Okatie/Bluffton,29909
USA,US,UT,South Jordan,84009
USA,US,GA,Guyton,31312
USA,US,WY,Cody,
USA,US,ND,Minot,58701
USA,US,TX,Fort Worth,76116
USA,US,SC,Fountain Inn,
USA,US,FL,St. Johns,32259
USA,US,NJ,Piscataway,08854
USA,US,MN,Minneapolis,55410
USA,US,CA,Escondido,92026
Canada,CA,BC,Williams Lake,
USA,US,NH,Lebanon,03766
USA,US,FL,Tallahassee,32308
USA,US,WA,Spokane,99207
USA,US,TX,Dallas,75225
USA,US,TX,Tomball,77377
USA,US,NE,,
USA,US,MI,Lake Orion,48360
USA,US,OR,Eugene,
USA,US,PA,Easton,18040
USA,US,VA,Virginia Beach,23464
USA,US,CA,Lancaster,93536
USA,US,CA,Murphys,95247
USA,US,AZ,Mesa,85212
USA,US,NY,Bronx,10469
USA,US,OH,Cincinnati,45216
UK,GB,England,"Ipswich, Suffolk",
USA,US,WI,Menomonee Falls,53051
USA,US,IL,Chicago,60620
USA,US,ID,Meridian,83646
USA,US,NY,Brooklyn,11221
USA,US,IL,Chicago,60610
USA,US,MN,Vadnais Heights,55127
USA,US,NC,Louisburg,27549
USA,US,AZ,Phoenix,85018
USA,US,OR,Eugene,97401
USA,US,TX,Flower Mound,75022
USA,US,FL,Eustis,32736
USA,US,PA,North Wales,19454
USA,US,FL,Fort Myers,33913
Canada,CA,ON,Toronto,M6B 2H3
USA,US,UT,Salt Lake City,84106
USA,US,SC,Myrtle Beach,29588
USA,US,CA,Dublin,94568
USA,US,NC,Davidson,28036
USA,US,GA,Atlanta,
USA,US,TX,San Antonio,78254
USA,US,PA,Lancaster,
USA,US,NH,Manchester,03104
USA,US,NJ,Lavallette,
USA,US,PA,York,17402
USA,US,TX,Buda,78610
USA,US,NY,Long Island,
USA,US,MS,Biloxi,39532
Australia,AU,WA,Bunbury,
USA,US,TX,Houston,77095
USA,US,AZ,Phoenix,
USA,US,TN,Nolensville,37135
USA,US,SC,Myrtle Beach,
USA,US,WI,Madison,53716
USA,US,NY,Woodmere,11598
USA,US,NY,Auburn,13021
USA,US,WI,Watertown,53094
USA,US,MA,Hampden,01036
Canada,CA,QC,Montreal,
USA,US,TX,Keller,76262
USA,US,MI,Sturgis,49091
USA,US,NY,West Hurley,12491
USA,US,OH,Perrysburg,43551
USA,US,CA,Chico,95973
USA,US,FL,Jupiter,33458
USA,US,TX,Richmond,77407
USA,US,TN,Chattanooga,37415
USA,US,MI,Waterford,
USA,US,AZ,Tucson,85741
USA,US,IL,Chicago,60622
USA,US,CA,Santa Rosa,95405
USA,US,CA,San Jose,
USA,US,IL,Metamora,61548
USA,US,NC,Charlotte,28278
USA,US,NY,Brooklyn,
USA,US,NJ,Wallington,07057
USA,US,AZ,Scottsdale,85251
USA,US,UT,Murray,84107
USA,US,NC,Hampstead,28443
USA,US,NM,Las Cruces,88012
USA,US,IA,Clinton,52732
USA,US,NY,Brooklyn,11230
Trinidad and Tobago,TT,,,
USA,US,TN,Elizabethton,37643
USA,US,CA,Encino,91436
USA,US,MO,Kansas City,
USA,US,NC,Concord,28027
USA,US,CA,Lafayette,94549
USA,US,NJ,Egg Harbor Township,08234
USA,US,CA,Rancho Santa Margarita,92688
USA,US,TX,Keller,76248
USA,US,NY,Brooklyn,11230
USA,US,NJ,Toms River,08755
USA,US,FL,St. Petersburg,33702
USA,US,TX,Dallas,75244
USA,US,TX,Prosper,75078
USA,US,PA,Fort Washington,19034
USA,US,DC,Washington,20002
USA,US,PA,Monaca,15061
USA,US,TN,Gallatin,37066
USA,US,CA,Auburn,95603
USA,US,TX,Cleveland,77327
Canada,CA,,,
USA,US,PA,Philadelphia,19146
USA,US,NY,Commack,11725
USA,US,CO,Castle Rock,80104
USA,US,AL,Huntsville,35801
USA,US,CA,Huntington Beach,92649
USA,US,CA,Palm Springs,
USA,US,NC,Harmony,28634
USA,US,NY,West Islip,11795
Japan,JP,,Yokosuka,
USA,US,TX,Cibolo,78108
USA,US,MA,Boston,
USA,US,FL,Pensacola,32534
USA,US,SC,Charleston,
USA,US,MI,Greenville,48838
USA,US,NV,Henderson,89052
USA,US,IL,Winnetka,60093
Australia,AU,QLD,Brisbane,4152
USA,US,MN,Champlin,55316
USA,US,UT,Salt Lake City,84123
UK,GB,England,East of England,
USA,US,AL,Madison,35758
USA,US,NY,Patchogue,11772
USA,US,WI,Pewaukee,53072
USA,US,MD,Hanover,21076
USA,US,MD,Bowie,20715
USA,US,CA,Visalia,93291
USA,US,IL,Winnetka,60093
Australia,AU,QLD,Bundaberg region,4673
UK,GB,England,,
UAE,AE,,Dubai,
USA,US,CA,Burbank,91506
USA,US,AZ,Tucson,
USA,US,NY,Brooklyn,11213
USA,US,TX,Southlake,76092
USA,US,OH,Cincinnati,
USA,US,CA,San Jose,95122
USA,US,UT,Saratoga Springs,84045
USA,US,AZ,Tucson,85741
USA,US,LA,New Orleans,
USA,US,VA,Fort Belvoir,22060
USA,US,SD,Spearfish,57783
USA,US,OR,Salem,
Canada,CA,ON,Thornhill,L4J 9A2
USA,US,NV,Las Vegas,89134
USA,US,NY,Lancaster,14086
USA,US,GA,Johns Creek,
USA,US,ID,Star,83669
USA,US,GA,Dallas,30132
USA,US,MA,Shrewsbury,
USA,US,NY,Chappaqua,10514
USA,US,CO,Aurora,80013
USA,US,LA,Monroe,71203
USA,US,KY,Union,41091
USA,US,FL,North Miami Beach,33160
Australia,AU,QLD,Brisbane,4030
USA,US,TX,Plano,75024
USA,US,TX,Dallas,75225
USA,US,CA,Poway,92064
USA,US,MN,Lakeville,55044
USA,US,CO,Colorado Springs,80919
USA,US,TX,Rockwall,75032
USA,US,CA,Pinon Hills,92372
USA,US,GA,Augusta,30909
Germany,DE,,Berlin,13507
USA,US,SC,Anderson,29621
USA,US,FL,Jacksonville Beach,32250
USA,US,GA,Winder,30680
USA,US,WA,Liberty Lake,99019
USA,US,IL,Park Ridge,
USA,US,MN,Minneapolis,55416
USA,US,AZ,Tucson,85737
USA,US,OH,Cincinnati,45237
USA,US,OK,Edmond,73012
USA,US,CA,San Diego,
Canada,CA,ON,Toronto,M6A 1W4
USA,US,NJ,Hammonton,08037
USA,US,NY,Yonkers,
USA,US,MO,Summersville,65936
USA,US,MI,Macomb,48042
USA,US,MI,Belleville,48111
USA,US,MD,Pasadena,21122
USA,US,NC,Emerald Isle,28594
USA,US,OH,Reynoldsburg,43068
USA,US,OH,North Olmsted,
USA,US,CA,Salinas,93907
USA,US,NJ,Hackettstown,
USA,US,CA,La Palma,
USA,US,FL,Miami,33155
USA,US,PA,Reading,19607
USA,US,VA,Chesapeake,23321
USA,US,CA,El Cajon,92020
USA,US,FL,Cape Coral,33909
USA,US,TX,Fort Worth,76110
USA,US,KY,Independence,41051
USA,US,NJ,Springfield,07081
USA,US,NY,Ballston Spa,12020
USA,US,TX,Austin,
USA,US,FL,Tampa,33629
UK,GB,England,Wirral,CH63 5PA
USA,US,WI,Mequon,53097
UK,GB,England,"Brentwood, Essex",CM15
USA,US,FL,St. Petersburg,
USA,US,MN,Scandia,55073
USA,US,FL,Winter Garden,
USA,US,NE,Gothenburg,69138
USA,US,TX,Dallas,
Canada,CA,BC,Mackenzie,V0J 2C0
USA,US,TX,Katy,77493
USA,US,TN,Brentwood,37027
USA,US,CO,Erie,80516
USA,US,OK,Oklahoma City,
USA,US,TX,New Braunfels,78132
Australia,AU,NSW,Sydney,
USA,US,IL,Elburn,60119
Canada,CA,ON,Kleinburg,L0J 1C0
Canada,CA,ON,Niagara Falls,L2H 3N9
USA,US,FL,Miami Beach,33139
USA,US,NJ,Jackson,08527
USA,US,NY,Levittown,11756
USA,US,CT,Danbury,
USA,US,TX,Austin,
USA,US,MA,Boston,
USA,US,FL,Wellington,33414
UK,GB,England,Watford,WD24
USA,US,TX,New Braunfels,78132
USA,US,UT,Salt Lake City,84102
USA,US,WA,Issaquah,98027
USA,US,FL,Coral Gables,33146
USA,US,SC,Conway,29526
USA,US,MI,West Bloomfield,
USA,US,MO,Liberty,64068
USA,US,NJ,Wyckoff,07481
USA,US,CA,Riverside,92505
USA,US,NJ,Belmar,07719
USA,US,LA,Gonzales,70737
Switzerland,CH,,Laufenburg,5080
USA,US,MO,Washington,63090
USA,US,IL,Chicago,
USA,US,TX,Granbury,76048
USA,US,GA,Richmond Hill,31324
USA,US,NY,Millbrook,12545
USA,US,TX,Copperas Cove,76522
USA,US,NY,Bronx,10475
USA,US,WA,Bothell,98012
Australia,AU,NSW,Sydney,
USA,US,TX,Stephenville,76402
USA,US,PA,Philadelphia,19146
USA,US,CA,Murrieta,92562
Canada,CA,ON,North York,
USA,US,TX,Coppell,75019
USA,US,CT,Fairfield,06824
USA,US,NJ,Monmouth County,
USA,US,AZ,Phoenix,85032
USA,US,MA,Tewksbury,01876
USA,US,TX,San Antonio,78263
USA,US,PA,Perkasie,18944
USA,US,CA,North Fork,93643
USA,US,CT,Bridgeport,06606
USA,US,FL,Miami,33143
USA,US,MS,Philadelphia,39350
USA,US,FL,Fort Lauderdale,33309
USA,US,CA,Tulare,93274
USA,US,AZ,Phoenix,85016
USA,US,FL,Spring Hill,34609
USA,US,DE,Dover,19904
USA,US,NY,Mount Kisco,10549
USA,US,SC,Myrtle Beach,29579
USA,US,IL,Naperville,60564
USA,US,WI,Kenosha,
USA,US,LA,Welsh,70591
USA,US,MO,Arcadia,63621
USA,US,NY,Queens,11413
USA,US,IA,Davenport,52807
USA,US,FL,Pembroke Pines,33029
USA,US,CT,Norwalk,06850
USA,US,TX,Temple,76502
USA,US,MO,Kansas City,64164
USA,US,IL,Arlington Heights,60005
USA,US,NC,Raleigh,27613
USA,US,CA,Agoura Hills,91301
Canada,CA,ON,Huntsville,P1H 2J3
USA,US,VA,Virginia Beach,23462
USA,US,MA,Westport,02790
USA,US,SC,Greenville,
USA,US,AL,Theodore,36582
USA,US,CA,Yucaipa,92399
USA,US,IL,Winnetka,60093
USA,US,WI,Baileys Harbor,54202
USA,US,CA,Santa Rosa,
USA,US,CA,La Jolla,92037
Australia,AU,NSW,Sydney,
USA,US,FL,Orlando,32804
USA,US,FL,Tampa,33629
USA,US,GA,Chamblee,30341
USA,US,TN,Nashville area,
USA,US,CA,Lakewood,90712
USA,US,NC,Mount Holly,28120
USA,US,NY,Wappingers Falls,12590
USA,US,MI,Grand Rapids,
USA,US,IN,Indianapolis,46224
USA,US,PA,Wayne,19087
South Africa,ZA,,Pretoria,
USA,US,FL,Jacksonville,32224
USA,US,MA,Wales,01081
USA,US,CA,Vacaville,95688
USA,US,IL,Downers Grove,60515
Australia,AU,QLD,Rockhampton,4700
USA,US,CA,Grass Valley,95945
USA,US,CA,Morgan Hill,95037
USA,US,IL,Chicago,60637
USA,US,WI,Franklin,53132
Australia,AU,VIC,Mount Eliza,3930
UAE,AE,,Dubai,
USA,US,CT,Sandy Hook,06482
USA,US,IL,Tinley Park,60477
USA,US,UT,Spanish Fork,84660
USA,US,FL,Hollywood,33019
USA,US,OR,Salem,
USA,US,FL,Stuart,34997
USA,US,IL,Channahon,60410
USA,US,NY,Mineola,11501
USA,US,OH,Akron,44312
USA,US,TX,El Paso,79938
USA,US,NY,Bay Shore,11706
USA,US,MN,Maple Grove,55369
USA,US,UT,Provo,84604
USA,US,FL,Jacksonville,32258
USA,US,CA,Palos Verdes Peninsula,90274
USA,US,OH,Rome,44085
UAE,AE,,Dubai,
USA,US,UT,St. George,84770
Germany,DE,,Munich,
USA,US,AZ,Peoria,85383
USA,US,OH,Cincinnati,45227
USA,US,MI,Yale,48097
USA,US,NC,Wilmington,28405
USA,US,MD,Baltimore,21201
USA,US,FL,Umatilla,34752
UK,GB,England,,
USA,US,GA,Gainesville,30501
USA,US,VA,Chesterfield,23832
USA,US,WA,Tacoma,98444
USA,US,NJ,Toms River,08755
USA,US,CO,Breckenridge,80424
USA,US,FL,North Miami,33161
USA,US,FL,Pembroke Pines,33029
USA,US,CA,Lakewood,90715
UK,GB,England,Kings Langley,WD4 8BS
UK,GB,England,Thanet,
Australia,AU,,,
USA,US,TN,Nashville,37218
USA,US,MD,Frederick,21702
USA,US,WA,Mountlake Terrace,98043
USA,US,CO,Wheat Ridge,80033
USA,US,TX,Rosharon,77583
USA,US,FL,Delray Beach,33445
USA,US,NC,Wilmington,
USA,US,CA,Sacramento,95816
USA,US,VA,Front Royal,22630
USA,US,FL,Miami,33156
USA,US,NJ,Norwood,07648
USA,US,AZ,Flagstaff,86001
USA,US,CA,Upland,91784
USA,US,GA,Kennesaw,30144
USA,US,IL,"Illinois, city unverified",62155
UK,GB,England,East Sussex,
USA,US,IL,Congerville,61729
USA,US,PA,Downingtown,19335
USA,US,PA,York,17407
USA,US,AR,Little Rock,
USA,US,TX,Plano,75025
USA,US,OH,Cincinnati,
USA,US,NC,Waxhaw,28173
USA,US,CA,Studio City,91604
UK,GB,England,Eastbourne,BN23 7EQ
USA,US,GA,Toccoa,30577
USA,US,PA,Pittsburgh,
USA,US,WI,Waukesha,53189
Australia,AU,NSW,Sydney,2191
USA,US,NJ,Westwood,07675
USA,US,OH,Custar,43511
USA,US,IA,West Des Moines,50266
USA,US,UT,Lehi,84043
Canada,CA,ON,Toronto,
USA,US,MA,Sharon,02067
USA,US,CA,Long Beach,90808
Canada,CA,SK,Rural Saskatchewan,S0A 0W0
USA,US,PA,Pittsburgh,15205
USA,US,NY,Savannah,13146
USA,US,MT,Bozeman,59718
USA,US,TX,Austin,78738
USA,US,TN,Clarksville,37043
USA,US,ID,Meridian,83642
USA,US,NY,Nanuet,10954
Nigeria,NG,,Port Harcourt,500231
USA,US,FL,Casselberry,32707
USA,US,IN,Monticello,47959
Türkiye,TR,,,
USA,US,NV,Las Vegas,89128
Canada,CA,AB,Calgary,T2X 1X4
UK,GB,England,Lutterworth,LE17
USA,US,GA,Dallas,30132
USA,US,UT,St. George,84790
USA,US,MN,Eden Prairie,55347
USA,US,CA,Lancaster,93534
Canada,CA,BC,Parksville,V9P 1Z8
USA,US,GA,Covington,30016
USA,US,CA,Fort Bragg,95437
USA,US,CA,San Clemente,92672
UK,GB,England,London,SW11 3DS
USA,US,NY,Riverhead,11901
USA,US,WV,Falling Waters,25419
USA,US,TX,Pasadena,77502
USA,US,NY,New York,
USA,US,NV,Henderson,89074
USA,US,NJ,Denville,07834
USA,US,OR,Salem,97301
USA,US,MA,Marlborough,01752
Nigeria,NG,,,600211
USA,US,MO,,
USA,US,WI,Viroqua,54665
USA,US,CA,Redwood City,94061
USA,US,WA,Battle Ground,98604
USA,US,MI,Bridgman,49106
USA,US,CA,La Mesa,91942
USA,US,SD,Black Hawk,57718
USA,US,CT,Weston,06883
USA,US,CA,Stockton,95212
USA,US,TX,Spring,77381
USA,US,MI,Howell,
USA,US,AZ,Waddell,
USA,US,CA,Monrovia,91016
USA,US,AZ,Phoenix,85050
USA,US,UT,Ogden,84404
USA,US,KS,Kansas City,66103
USA,US,KS,Lawrence,66047
USA,US,UT,Layton,84041
USA,US,CA,Venice,90291
USA,US,MA,,
USA,US,CO,Thornton/Brighton,
USA,US,CO,Denver,80224
USA,US,FL,Estero,33928
USA,US,CT,Danielson,06239
USA,US,DE,Lewes,19958
USA,US,GA,Villa Rica,30185
USA,US,FL,Orlando,32836
USA,US,NJ,Westfield,07090
USA,US,MI,Southeast Michigan,
USA,US,RI,West Warwick,02893
UK,GB,England,Folkestone,CT19
Denmark,DK,,,
USA,US,TX,Sugar Land,
USA,US,TX,Frisco,75034
USA,US,OK,Owasso,74055
USA,US,CA,Oxnard,93036
USA,US,PA,Chicora,16025
USA,US,NY,Pleasant Valley,12569
USA,US,UT,Salt Lake City,84111
USA,US,CA,Vacaville,95687
USA,US,NH,Salem,03079
USA,US,WI,McFarland,53558
USA,US,PA,,
USA,US,NY,Depew,14043
USA,US,PA,Lancaster,
USA,US,AZ,Litchfield Park,85340
USA,US,UT,Herriman,84096
USA,US,NY,Jamaica,11432
USA,US,NY,Bronx,10466
USA,US,CA,Valley Springs,
USA,US,GA,Smyrna,
USA,US,CA,Redondo Beach,
USA,US,CA,Studio City,91604
USA,US,NC,Salisbury,
USA,US,MD,District Heights,20747
USA,US,FL,Miami Beach,33139
USA,US,CA,Redlands,92373
UK,GB,England,,
USA,US,FL,Miami-Dade,
South Africa,ZA,,,
USA,US,OH,Westerville,43082
USA,US,MI,Jackson,49203
USA,US,OK,Tulsa,
USA,US,TN,Dickson,37055
USA,US,TX,Colleyville,76034
USA,US,VA,Lynchburg,24503
USA,US,NC,Cary,27511
USA,US,MN,Blaine,55449
USA,US,NY,Queens,11104
USA,US,WI,Beloit,53512
Canada,CA,ON,Toronto,
USA,US,MA,Gardner,01440
USA,US,NC,Charlotte,28273
Canada,CA,BC,Vancouver,
USA,US,OH,Canfield,44406
USA,US,VA,Keller,23401
Bulgaria,BG,,,
Australia,AU,VIC,,
USA,US,CT,Enfield,06082
USA,US,CA,Los Angeles,90034
Australia,AU,NSW,Sydney,2000
USA,US,WI,Milwaukee,53227
USA,US,OH,Westerville,43082
USA,US,AL,Hoover,35226
UK,GB,England,,
USA,US,PA,Philadelphia,19116
USA,US,MT,Great Falls,59405
UK,GB,England,East Midlands,
USA,US,VA,Quantico,22134
Canada,CA,SK,Moose Jaw,S6H 7L3
USA,US,TX,Frisco,75033
USA,US,TN,Nashville,37221
USA,US,NY,New York,
USA,US,TX,Sugar Land,77498
USA,US,NY,Oswego,13126
USA,US,IL,Bloomington,61701
UK,GB,England,,
UK,GB,England,Wilmslow,
USA,US,OR,Bend,97701
USA,US,CA,Studio City,91604
USA,US,CA,Pleasanton,94588
USA,US,CA,Los Angeles,90027
USA,US,OH,Cincinnati,45215
USA,US,MD,Havre de Grace,21078
USA,US,GA,Mableton,30126
USA,US,WA,Seattle,
USA,US,WA,Enumclaw,98022
USA,US,AZ,Tucson,85747
USA,US,TX,Orange,77630
USA,US,OH,Toledo,
USA,US,TX,Nacogdoches,75965
USA,US,MA,Braintree,02184
USA,US,PA,Feasterville-Trevose,19053
USA,US,OK,Oklahoma City,73162
USA,US,TX,Georgetown,78626
USA,US,IN,Decatur,46733
USA,US,FL,Boca Raton,33432
USA,US,SC,Shoals Junction,29638
USA,US,MA,Dorchester,02122
USA,US,CO,Castle Rock,80108
USA,US,OH,Canton,
USA,US,NY,Seaford,11783
UK,GB,Scotland,,
USA,US,MD,Stevensville,21666
USA,US,MI,Davison,48423
Canada,CA,ON,Toronto,
USA,US,VA,Alexandria,22305
USA,US,TX,Austin,78735
USA,US,VA,Virginia Beach,23453
USA,US,ME,Falmouth,04105
USA,US,NY,Troy,12180
USA,US,KS,Wichita,
USA,US,UT,Cottonwood Heights,84121
USA,US,VA,Fairfax,22033
USA,US,FL,Orange City,32763
USA,US,AZ,Scottsdale,85258
USA,US,TX,Houston,77024
USA,US,NY,New York,10023
USA,US,FL,Melbourne,32904
USA,US,PA,Bellefonte,16823
Canada,CA,ON,St. Catharines,L2S 4C4
USA,US,IN,Indianapolis,46202
USA,US,CA,Encinitas,92024
USA,US,TN,Arlington,38002
USA,US,NJ,Riverton,08077
USA,US,TX,Austin,78748
USA,US,NY,Manorville,11949
USA,US,CA,Norco,92860
USA,US,IL,Carbondale,
Australia,AU,NSW,Newcastle,
USA,US,PA,West Chester,19380
USA,US,IL,Grayslake,60030
USA,US,CA,Los Angeles,90035
USA,US,FL,Lutz,33549
USA,US,NC,Hillsborough,27278
USA,US,MA,Dorchester,02125
USA,US,FL,Naples,34120
UK,GB,England,Essex,
USA,US,MD,Glen Burnie,21060
Canada,CA,ON,Stoney Creek,L8J 2E6
USA,US,CA,Kingsburg,
USA,US,CA,Hesperia,92345
USA,US,PA,Newville,17241
USA,US,WA,Vancouver,98682
USA,US,AZ,Scottsdale,
USA,US,TX,Cypress,77429
USA,US,AK,Anchorage,
Canada,CA,SK,Moose Jaw,S6K 0A3
USA,US,FL,Sarasota,34241
USA,US,MN,Brooklyn Park,55428
USA,US,CA,Los Angeles,90049
USA,US,FL,Ponte Vedra,32081
USA,US,OH,Sandusky,44870
USA,US,FL,Miami,33176
USA,US,IN,Fort Wayne,46804
USA,US,CO,Broomfield,80020
Canada,CA,AB,Wetaskiwin,T9A 3N7
USA,US,MO,Mount Vernon,65712
USA,US,OR,Gladstone,97027
USA,US,VA,Herndon,20170
USA,US,CA,Temecula,92592
USA,US,NC,Charlotte,28270
USA,US,NJ,Asbury Park,07712
Canada,CA,ON,Etobicoke,M8Y 1N2
USA,US,KY,Shelbyville,40065
USA,US,OH,Willoughby,44094
USA,US,CA,Claremont,91711
USA,US,IL,Mount Prospect,60056
USA,US,PA,Stroudsburg,18360
USA,US,TX,Fort Worth,76126
USA,US,CO,Colorado Springs,80906
UK,GB,England,London,
USA,US,IN,South Bend,
USA,US,NE,Lincoln,
USA,US,PA,Wayne,19087
USA,US,OK,Moore,73160
USA,US,UT,Pleasant Grove,84062
USA,US,AZ,Buckeye,85326
USA,US,MI,St. Joseph,49085
USA,US,AZ,Florence,85132
USA,US,OR,Salem,97302
USA,US,PA,Philadelphia,19120
USA,US,NE,,
USA,US,IA,Decorah,52101
USA,US,FL,,
USA,US,NC,Graham,
USA,US,TN,Signal Mountain,37377
USA,US,TX,Denton,76210
USA,US,FL,Zephyrhills,33541
USA,US,AL,Wetumpka,36093
USA,US,PA,Pittsburgh,
USA,US,CA,Mill Valley,94941
USA,US,FL,Anna Maria,34216
UK,GB,England,Gloucester,GL4
USA,US,GA,Flowery Branch,30542
USA,US,CA,Half Moon Bay,94019
USA,US,TN,Nashville,37206
USA,US,NJ,Jersey City,07305
USA,US,LA,Breaux Bridge,70517
USA,US,PA,Wayne,19087
USA,US,CA,Vernalis,95385
USA,US,WI,Milwaukee,
Canada,CA,ON,Hamilton-Niagara area,L0R 1B6
USA,US,GA,McDonough,30252
USA,US,FL,Fort Lauderdale,33309
USA,US,TN,Nashville,37210
USA,US,OH,Grove City,43123
USA,US,NY,Queens,
USA,US,KS,Mission,66205
USA,US,FL,Daytona Beach,32124
USA,US,TX,Nacogdoches,75964
USA,US,CT,Branford,06405
USA,US,CA,Stockton,95210
USA,US,CA,Riverside,92509
USA,US,FL,Dade City,33523
UK,GB,England,North West,
UK,GB,England,"Snodland, Kent",ME6
USA,US,MO,St. Louis,63130
USA,US,PA,Hatboro,19040
USA,US,TX,Frisco,
USA,US,FL,Boca Raton,33431
USA,US,MD,Cockeysville,21030
USA,US,AZ,Phoenix,85050
USA,US,AL,Foley,36535
USA,US,MI,Clinton Township,48036
USA,US,TX,Conroe,77384
USA,US,MD,Marriottsville,21104
USA,US,IL,Elburn,60119
USA,US,AL,Grant,35747
USA,US,MD,Baltimore,21209
USA,US,ID,Boise,
USA,US,WI,Oconomowoc,53066
USA,US,NY,Mechanicville,12118
USA,US,MI,Birmingham,48009
USA,US,CO,Denver,80228
USA,US,GA,Hoschton,30548
USA,US,MD,Kensington,20895
USA,US,NV,Carson City,89701
USA,US,CT,Madison,06443
USA,US,NV,Henderson,89044
USA,US,TX,Keller,76244
USA,US,NH,Southern NH,
USA,US,MT,Belgrade,59714
Australia,AU,WA,Bunbury,
USA,US,KS,Wichita,67228
USA,US,MA,Sutton,
Australia,AU,VIC,Mount Martha,3934
USA,US,PA,Southampton,18966
USA,US,PA,Kane,16735
USA,US,NV,Reno,89503
USA,US,CA,Los Angeles,90094
USA,US,MA,Chicopee,
USA,US,LA,Baton Rouge,70809
USA,US,TN,Old Hickory,37138
USA,US,NY,Niagara Falls,14301
USA,US,PA,Newtown,18940
USA,US,PA,Richboro,18954
USA,US,NJ,Northvale,07647
USA,US,WA,Gig Harbor,98332
USA,US,TX,Fort Worth,76107
UK,GB,England,Sheffield,
USA,US,OK,Oklahoma City,
USA,US,WA,Vancouver,98665
USA,US,CA,Sacramento,
USA,US,TX,Plano,
USA,US,NC,Kill Devil Hills,27948
USA,US,CO,Longmont,80504
Australia,AU,NSW,Sydney,2086
USA,US,SD,Sioux Falls,57106
USA,US,MI,Birmingham,48009
USA,US,MN,Bemidji,56601
USA,US,CA,Los Angeles,90029
South Africa,ZA,,,
USA,US,CA,Santa Maria,93454
USA,US,TX,Cleburne,76033
USA,US,NC,Wake Forest,27587
USA,US,AR,Van Buren,72956
USA,US,TN,Brentwood,37027
Canada,CA,ON,Eastern Ontario,K0K 3E0
USA,US,MI,Grand Rapids,49525
USA,US,IL,Rockford,61107
UK,GB,England,Altrincham,WA15 7YS
USA,US,SC,Fort Mill,
USA,US,TX,Floresville,78114
USA,US,IN,Austin,47102
USA,US,WY,Riverton,82501
USA,US,IL,Downers Grove,
USA,US,FL,St. Augustine,32092
UK,GB,England,Chelmsford,
USA,US,CA,Corona,92882
USA,US,PA,Macungie,18062
USA,US,NC,Raleigh,27603
USA,US,NC,Gastonia,28056
USA,US,TX,Prosper,75078
Canada,CA,ON,Hamilton,L8E 2M6
USA,US,FL,Orlando,32806
USA,US,KY,Shepherdsville,40165
USA,US,TX,The Woodlands,77382
USA,US,CT,Danbury,
USA,US,CO,Lone Tree,
USA,US,GA,Carrollton,30117
USA,US,LA,Baton Rouge,70808
USA,US,MN,Minneapolis,55436
USA,US,NY,Bayside,11360
USA,US,FL,Fort Lauderdale,33301
USA,US,NV,Las Vegas,89147
Canada,CA,ON,Niagara Falls,
USA,US,OK,Broken Arrow,74014
USA,US,OH,Delaware,43015
USA,US,TN,Collierville,38017
USA,US,CA,Ventura,
USA,US,WI,Oshkosh,54901
USA,US,OR,Beaverton,97008
USA,US,OH,Dayton,
USA,US,NH,Rindge,
UK,GB,England,East London,
USA,US,MI,,
USA,US,NY,Brightwaters,11718
USA,US,FL,Orlando,32804
USA,US,IL,Naperville,60564
USA,US,CA,Carmel,93923
USA,US,FL,Naples,34102
USA,US,NC,Fayetteville,
USA,US,MI,Bay City,48706
USA,US,TN,Dandridge,37725
USA,US,MI,Saginaw,48602
USA,US,MD,Baltimore,21209
USA,US,RI,Middletown,02842
USA,US,NC,Brevard,28712
Canada,CA,ON,Hamilton,
USA,US,SC,Piedmont,29673
USA,US,NJ,Berkeley Heights,07922
USA,US,FL,Lithia,33547
Canada,CA,ON,Shelburne,
USA,US,AL,Newville,36353
USA,US,MN,Sauk Rapids,56379
Canada,CA,ON,Wasaga Beach,L9Z 0A5
USA,US,MA,Somerset,02726
USA,US,MD,Frederick,21703
Canada,CA,AB,Calgary,T2S 2S7
UK,GB,England,London,SW15
USA,US,GA,Woodstock,30188
Australia,AU,NSW,Orange,
USA,US,CT,Fairfield,
USA,US,MS,Natchez,39120
USA,US,DE,Dover,19904
USA,US,IN,South Bend,
USA,US,FL,Land O' Lakes,34638
USA,US,MA,Ayer,01432
USA,US,CT,Terryville,06786
USA,US,GA,Chatsworth,30705
USA,US,UT,Cottonwood Heights,84121
USA,US,PA,Elizabeth,15037
USA,US,DE,Clayton,19938
USA,US,NY,Merrick,11566
USA,US,HI,Kailua-Kona,96740
USA,US,NJ,Montvale,07645
USA,US,CT,Sherman,06784
USA,US,CA,Del Mar,92014
USA,US,ID,Boise,83716
USA,US,LA,New Orleans,70121
USA,US,TX,Midland,79705
Canada,CA,AB,Northern Alberta,T0G 1R2
USA,US,NC,Concord,28027
USA,US,GA,Woodstock,30188
USA,US,AZ,Gilbert,85298
USA,US,VA,Afton,22920
Canada,CA,ON,North York,M2K 2S2
USA,US,AL,Birmingham,
USA,US,KS,Overland Park,66212
USA,US,NC,Mocksville,27028
USA,US,MI,Clawson,48017
USA,US,WA,Bellevue,98004
USA,US,UT,Salt Lake City,84116
USA,US,MO,Joplin,64804
USA,US,NJ,Whippany,
USA,US,VA,Richmond,23229
USA,US,MA,Stoneham,02180
USA,US,MN,Duluth,
USA,US,CO,Brighton,80601
USA,US,OK,Edmond,73034
USA,US,CA,Costa Mesa,
USA,US,PA,York,
USA,US,NC,Weaverville,28787
USA,US,NE,Elkhorn,68022
USA,US,KS,Shawnee,66218
USA,US,TX,Waelder,78959
USA,US,CA,Sacramento,95826
USA,US,CA,Sacramento,
USA,US,CA,El Cajon,92019
USA,US,FL,Miami Beach,33141
USA,US,CA,San Diego,92101
USA,US,MI,Macomb,48042
USA,US,ID,Meridian,83646
USA,US,NC,Charlotte,
USA,US,NM,Albuquerque,87123
USA,US,OH,Painesville,
USA,US,NJ,Berlin,
USA,US,WI,Oconomowoc,
USA,US,IN,St. John,46373
USA,US,AR,Rogers,72758
USA,US,NY,Huntington Station,11746
Australia,AU,WA,Perth,
USA,US,OH,Cincinnati,45248
USA,US,CA,San Diego,
USA,US,PA,Bethlehem,18017
USA,US,MI,Dearborn Heights,48127
USA,US,FL,Milton,32583
USA,US,TX,Round Rock,78665
USA,US,OH,Loveland,45140
USA,US,CO,Monument,80132
USA,US,CA,Ontario,91761
USA,US,TX,Houston,
UK,GB,England,London,SE22
USA,US,MA,Mansfield,
USA,US,AL,Florence,35633
UK,GB,England,Kent,
USA,US,LA,Gonzales,70737
USA,US,MI,Dearborn Heights,48127
Australia,AU,NSW,Sydney,2000
USA,US,WA,Lake Stevens,98258
USA,US,CO,Denver,
USA,US,TN,Sweetwater,37874
USA,US,SC,Campobello,29322
USA,US,GA,Acworth,30101
Canada,CA,ON,Toronto,M4E 2N4
USA,US,NJ,Cliffside Park,07010
South Africa,ZA,,Cape Town,
USA,US,LA,Baton Rouge,70808
USA,US,IA,Cedar Rapids,52403
USA,US,HI,Kailua,96734
USA,US,PA,New Kensington,15068
USA,US,MN,Moorhead,56560
USA,US,WA,,
USA,US,CA,Corona,92882
USA,US,TX,Keller/Justin,
USA,US,VA,Powhatan,23139
USA,US,MS,Oxford,38655
USA,US,MA,Shirley,01464
Canada,CA,QC,Mount Royal,H3R 1X9
UK,GB,England,Hampshire,
USA,US,TX,Liberty Hill,78642
USA,US,NC,Charlotte,28216
USA,US,NC,Sunset Beach,28468
USA,US,AK,Anchorage,
Canada,CA,ON,Cambridge,N3H 5P2
UK,GB,Wales,Aberdare,CF44
USA,US,TX,Cypress,77429
USA,US,PA,Huntingdon Valley,19006
USA,US,PA,Delmont,15626
USA,US,CA,Alpine,91901
Sweden,SE,,Malmo,215 64
USA,US,WA,Yakima,
USA,US,AZ,Queen Creek,85142
Canada,CA,BC,Vancouver,
Canada,CA,BC,Vernon,V1B 4E7
USA,US,TX,Midland,79701
USA,US,ID,Meridian,83642
USA,US,NC,Fuquay-Varina,27526
USA,US,NC,Greensboro,27410
USA,US,FL,Jupiter,33458
USA,US,OR,Scappoose,97056
USA,US,UT,,
USA,US,MI,Boyne City,49712
USA,US,MA,Sterling,01564
USA,US,NJ,Toms River,08753
USA,US,WA,Seattle,98118
USA,US,FL,St. Augustine,
USA,US,KY,Alexandria,41001
USA,US,MI,Waterford,48328
USA,US,LA,Mandeville,70448
Canada,CA,BC,Fraser Valley,
USA,US,NY,New York,10128
USA,US,LA,New Orleans,70131
USA,US,MA,Seekonk,02771
USA,US,IL,Waukegan,60085
USA,US,NH,Bedford,03110
USA,US,MI,Utica,48316
USA,US,CA,Carlsbad,92009
USA,US,CA,Dublin,94568
USA,US,MN,Stillwater,55082
Canada,CA,QC,Kirkland,H9J 3A8
USA,US,NY,Port Washington,
USA,US,FL,Lakeland,33811
USA,US,NC,Rocky Mount,27804
USA,US,FL,Tampa,
USA,US,TX,Dallas,75214
USA,US,CA,Tracy,95376
Germany,DE,,,
Australia,AU,,,
USA,US,NJ,Fort Lee,07024
USA,US,CA,Manteca,95336
USA,US,OH,Columbus,
USA,US,TX,New Braunfels,78130
USA,US,GA,Duluth,30097
USA,US,IN,Kokomo,46902
USA,US,AZ,Gilbert,85298
USA,US,NY,Rochester,14625
USA,US,WA,Everett,
USA,US,CA,Red Bluff,96080
USA,US,CA,Apple Valley,92308
USA,US,CA,Concord,94519
UK,GB,Scotland,Glasgow,
USA,US,MN,Mora,
USA,US,TN,Franklin,37069
USA,US,TX,Colleyville,76034
USA,US,PA,Allison Park,15101
USA,US,TX,Wimberley,78676
USA,US,NH,Freedom,03836
UK,GB,Northern Ireland,Magherafelt,BT45 7JS
USA,US,FL,Naples,34119
USA,US,CA,Roseville,95747
USA,US,CA,Santa Barbara,93109
Canada,CA,AB,Northern Alberta,T0H 1L0
USA,US,SC,Simpsonville,29681
USA,US,TX,Houston,77014
UAE,AE,,Dubai,
USA,US,AL,Calera,35040
USA,US,MI,St. Clair Shores,48081
USA,US,CA,Elk Grove,95757
USA,US,MS,Brandon,39042
USA,US,TX,The Woodlands,77380
USA,US,NY,Eastchester,10709
USA,US,TN,Murfreesboro,37130
USA,US,NY,New York,10028
USA,US,NY,Huntington Station,11750
USA,US,CA,Long Beach,90808
USA,US,MA,Revere,02151
USA,US,FL,Boca Raton,33496
USA,US,IL,Chicago,60613
USA,US,OH,Cincinnati,45206
USA,US,FL,Jacksonville,32225
USA,US,GA,Atlanta,30307
USA,US,FL,Fort Myers,33913
USA,US,VT,Essex Junction,05452
USA,US,FL,Mulberry,33860
USA,US,NC,Mooresville,28115
USA,US,NJ,Monroe Township,08831
France,FR,,,
USA,US,CA,Chico,95926
USA,US,TX,Houston,77035
Australia,AU,QLD,Brisbane,
UK,GB,England,Guildford,
USA,US,FL,Naples,
South Africa,ZA,,Bellville,7530
USA,US,TX,College Station,
USA,US,VA,Louisa,23093
USA,US,FL,Winter Garden,34787
USA,US,CA,Vista,92084
USA,US,SD,Sioux Falls,
USA,US,IN,Indianapolis,46202
USA,US,NJ,Piscataway,08854
USA,US,GA,Jonesboro,30236
USA,US,CA,Fair Oaks,95628
USA,US,CA,San Diego,92154
USA,US,CA,La Verne,91750
USA,US,CA,San Diego,92108
USA,US,CA,La Mesa,91942
UK,GB,England,London,
USA,US,OR,Newberg,97132
USA,US,FL,Tallahassee,32301
USA,US,WI,Burlington,53105
USA,US,NY,New York,10013
USA,US,OK,Edmond,73013
USA,US,TX,Rockwall,75087
USA,US,LA,Baton Rouge,70810
USA,US,NJ,Red Bank,07701
USA,US,MA,Feeding Hills,01030
USA,US,FL,Winter Garden,34787
USA,US,AZ,Phoenix,85020
USA,US,MD,Takoma Park,20912
Sweden,SE,,,
USA,US,MI,Menominee,49858
Mexico,MX,,Mexico City,
USA,US,OH,Cincinnati,45249
USA,US,MI,Birmingham,48009
USA,US,CA,San Jose,95121
USA,US,CT,Monroe,06468
USA,US,AL,Madison,35758
USA,US,NY,New York,10034
USA,US,SC,Greenville,29609
USA,US,TX,Houston,77005
USA,US,CA,Calexico,92231
USA,US,NY,Walton,13856
UK,GB,England,London,
USA,US,KY,Hartford,42347
USA,US,MD,Easton,21601
Croatia,HR,,,
USA,US,UT,Draper,84020
USA,US,MI,Troy,48084
USA,US,OH,Dublin,43016
USA,US,KY,Bowling Green,42101
USA,US,NY,Gardiner,12525
Pakistan,PK,,Lahore,
USA,US,CA,Upland,91786
Portugal,PT,,,
USA,US,NV,Henderson,89015
USA,US,IN,Jeffersonville,47130
Mexico,MX,,Chihuahua,31215
Australia,AU,WA,Perth,6030
USA,US,NY,Monroe,10950
USA,US,MI,Saline,48176
USA,US,TX,Rowlett,75088
USA,US,FL,Inverness,34450
UK,GB,England,London,KT4
USA,US,MA,Foxborough,02035
USA,US,FL,Fernandina Beach,32034
USA,US,SC,Charleston,
Canada,CA,BC,Vancouver,
USA,US,VA,Reston,20191
USA,US,TX,Chappell Hill,77426
Canada,CA,ON,Toronto,
USA,US,PA,Cranberry Township,16066
USA,US,MA,Groveland,01834
USA,US,MD,Elkton,21921
USA,US,KY,Hebron,41048
USA,US,CA,Newport Beach,92660
USA,US,SD,Rapid City,57702
USA,US,VA,Alexandria,22308
Canada,CA,AB,Red Deer,T4P 3V4
USA,US,PA,Harveys Lake,18618
Canada,CA,ON,Eastern Ontario,K0H 2H0
USA,US,OR,Salem,97306
USA,US,PA,Pittsburgh,15211
USA,US,OH,Newark,43055
USA,US,UT,Payson,84651
USA,US,MD,Thurmont,21788
USA,US,FL,Florida Keys,
USA,US,NC,Mooresville,28117
Canada,CA,ON,Toronto,
USA,US,FL,Jacksonville,32244
USA,US,SC,Mount Pleasant,29466
USA,US,FL,Jacksonville,32211
USA,US,CA,Carlsbad,92010
USA,US,FL,Seminole,33777
USA,US,NY,Pittsford,14534
USA,US,OH,Columbus,43221
USA,US,UT,Pleasant Grove,84062
USA,US,FL,Jacksonville,32219
USA,US,MI,Dryden,48428
USA,US,PA,Harrisburg,17110
USA,US,FL,Jacksonville,32216
USA,US,CA,Cardiff by the Sea,92007
Canada,CA,AB,Southern Alberta,T0K 1W0
USA,US,CA,Orange,92868
USA,US,NY,Staten Island,10309
USA,US,ID,Boise,
UK,GB,Scotland,Glasgow,G12 9ED
USA,US,KS,Liberal,67901
USA,US,MI,Lake Orion,
USA,US,UT,Orem,84058
Trinidad and Tobago,TT,,Trinidad,
USA,US,MS,Meridian,39307
USA,US,TX,New Braunfels,78130
USA,US,CA,Truckee,96161
USA,US,TX,Dallas,
USA,US,CT,Wallingford,
Canada,CA,ON,Toronto,
USA,US,OH,Willoughby,44094
USA,US,AL,Anniston,36207
USA,US,FL,Tampa,
USA,US,UT,Tooele,84074
USA,US,NV,Henderson,89012
USA,US,WI,Pewaukee,53072
Canada,CA,AB,,
USA,US,CO,Denver,80220
USA,US,CA,Monterey Park,
USA,US,IL,Oswego,
Canada,CA,BC,Abbotsford,V4X 1G6
USA,US,CA,Fremont,94538
Australia,AU,NSW,Northern Rivers,2483
USA,US,MN,St. Michael,55376
USA,US,TX,Laredo,78045
USA,US,HI,Haiku,96708
USA,US,UT,American Fork,84003
USA,US,FL,Palm Harbor,34683
USA,US,IN,Zionsville,46077
USA,US,NC,Hickory,28601
Mexico,MX,,Mexico City,
USA,US,NY,Moriches,11955
USA,US,TX,Montgomery,77316
North Macedonia,MK,,Skopje,
USA,US,CO,Elizabeth,80107
USA,US,CA,El Cajon,
USA,US,TX,Rosharon,77583
USA,US,TN,Murfreesboro,37128
USA,US,AZ,Laveen,85339
USA,US,UT,Spanish Fork,84660
USA,US,AL,Hoover,35244
USA,US,AL,Malvern,36455
USA,US,TX,El Paso,79934
USA,US,CT,Glastonbury,06033
UK,GB,England,Derby,DE22 3NE
USA,US,CA,Long Beach,
USA,US,UT,Bountiful,84010
USA,US,KS,Bonner Springs,66012
USA,US,NJ,Red Bank,07701
Canada,CA,BC,Vernon,V1H 1B9
USA,US,PA,Newtown Square,19073
USA,US,PA,Greenville,
USA,US,CO,Canon City,81212
USA,US,OH,Brecksville,44141
USA,US,NC,Raleigh,27615
USA,US,UT,Provo,84604
USA,US,CA,Bakersfield,93308
UK,GB,England,East Berkshire,
USA,US,NC,Wilmington,28409
USA,US,VA,Arlington,22202
India,IN,,Mumbai,400016
USA,US,MI,Troy,48098
USA,US,CA,San Gabriel,91776
USA,US,AZ,Chandler,85226
USA,US,TX,Glen Rose,76043
USA,US,NY,Hudson,12534
USA,US,GA,Woodstock,30188
USA,US,IN,Sharpsville,46068
Canada,CA,BC,Vancouver,
USA,US,MO,Maryland Heights,63043
Australia,AU,NSW,Coffs Harbour,2450
USA,US,CA,Castaic,91384
USA,US,LA,Lafayette,
UK,GB,England,London,
USA,US,CT,Amston,06231
USA,US,FL,Jacksonville,32246
USA,US,NJ,Montclair,07043
USA,US,NC,Durham,27703
USA,US,MD,Columbia,21045
Australia,AU,VIC,Melbourne,
USA,US,AZ,,
Philippines,PH,,,
USA,US,PA,Fairview,16415
USA,US,TX,Houston,
USA,US,PA,Greenville,16125
USA,US,AZ,Peoria,85383
USA,US,NY,Hamlin,14464
USA,US,MD,Laurel,20707
USA,US,IN,Mishawaka,46545
USA,US,LA,Lafayette,70503
USA,US,IL,Springfield,62702
USA,US,GA,Braselton,30548
USA,US,TN,Nashville,
USA,US,CA,Orange,92865
USA,US,WA,Marysville,98270
USA,US,FL,Miami Beach,33139
USA,US,AL,Madison,35757
USA,US,TX,Weatherford,
USA,US,CA,Oakley,94561
USA,US,CA,Bakersfield,93312
USA,US,CA,Tehachapi,93561
USA,US,OH,Dayton,
USA,US,WA,Renton,98058
USA,US,CA,Alpine,91901
USA,US,CA,Bakersfield,93314
USA,US,AZ,Vail,85641
UK,GB,England,Reading,
USA,US,MA,Boston,
USA,US,NJ,Hamilton,08619
USA,US,MA,Westminster,01473
USA,US,CA,Moreno Valley,92557
UK,GB,England,Suffolk,
USA,US,PA,Murrysville,
USA,US,VA,Woodbridge,22191
USA,US,NY,Hudson Valley,
USA,US,IL,Chicago,
USA,US,OH,Twinsburg,44087
Canada,CA,BC,Kamloops,V2C 5H1
USA,US,TX,Terrell,75160
UK,GB,England,Barnet,EN5
South Africa,ZA,,Centurion,0157
USA,US,NJ,Bridgewater,08807
USA,US,TX,Frisco,
USA,US,FL,Hollywood,33024
USA,US,IL,Chicago,60647
USA,US,CT,Woodstock,06281
USA,US,CA,Rialto,92376
USA,US,WA,Pasco,99301
USA,US,FL,Homestead,33030
USA,US,CA,Mill Valley,94941
USA,US,TX,Carrollton,75010
USA,US,MA,Wrentham,02093
USA,US,GA,Stockbridge,30281
USA,US,VA,Richmond,
Zambia,ZM,,,
USA,US,TX,Forney,75126
USA,US,NC,Smithfield,27577
USA,US,FL,Punta Gorda,33955
USA,US,WI,Burlington,53185
USA,US,AR,West Memphis,
USA,US,NC,Maiden,28650
USA,US,TX,Killeen,76540
USA,US,TN,Nashville,37215
USA,US,AZ,Scottsdale,85255
USA,US,MN,Plymouth,55447
USA,US,IN,Crown Point,46307
USA,US,OK,Prague,74860
USA,US,FL,Jacksonville,32210
USA,US,IA,Shelby,51570
USA,US,NJ,Passaic,07055
USA,US,CA,Middletown,95461
USA,US,MD,Baltimore,21206
Australia,AU,WA,Perth,
USA,US,FL,Davie,33330
USA,US,MN,Coon Rapids,55448
USA,US,NE,Omaha,68135
UK,GB,England,Essex,
USA,US,CA,Rancho Palos Verdes,90275
USA,US,CA,San Clemente,92673
USA,US,FL,Largo,33773
USA,US,LA,New Orleans,
USA,US,NY,New City,10956
USA,US,MA,Groveland,01834
USA,US,NJ,Freehold,07728
USA,US,TX,Prosper,75078
USA,US,DC,Washington,20008
USA,US,MI,Martin,49070
USA,US,CA,Santee,92071
USA,US,NE,Hastings,68901
USA,US,AZ,Phoenix,85032
USA,US,IL,Chicago,60618
South Africa,ZA,,Cape Town,
USA,US,CA,La Verne,91750
USA,US,MD,Baltimore,
USA,US,NY,Long Island,
USA,US,MA,Walpole,02081
USA,US,WA,Wenatchee,
USA,US,CA,Fairfield,94533
USA,US,NC,Mooresville,28115
Denmark,DK,,,
USA,US,WI,Sparta,54656
USA,US,UT,Ogden,84404
USA,US,FL,Orlando,32819
USA,US,VA,Manassas,20112
USA,US,NH,Plaistow,03865
USA,US,OH,Canfield,44406
USA,US,NC,Morganton,28655
USA,US,MA,Canton,02021
USA,US,SC,Aiken,29803
USA,US,CA,Ontario,91761
USA,US,FL,Plant City,33565
USA,US,MA,Braintree,02184
USA,US,NY,South Bethlehem,12161
UK,GB,England,London,W11
USA,US,NC,Marshall,28753
UK,GB,England,South West England,
USA,US,ME,Scarborough,
USA,US,TX,Tomball,77375
USA,US,MA,Dorchester,02122
USA,US,GA,Kingsland,31548
UK,GB,England,London,
USA,US,OR,Central Point,97502
USA,US,IL,Richton Park,60471
USA,US,MO,Springfield,
USA,US,GA,Pine Mountain,31822
USA,US,IA,Lisbon,52253
USA,US,CA,Santa Rosa,95403
USA,US,CO,Woodland Park,80863
USA,US,FL,Windermere,34786
USA,US,CT,Greenwich,06830
USA,US,TN,Columbia,38401
USA,US,CA,San Francisco,
USA,US,FL,Palm Coast,
USA,US,NY,East Meadow,11554
UK,GB,England,Banbury,OX17
Canada,CA,ON,Grimsby,L3M 1X5
USA,US,AZ,Phoenix,85003
Australia,AU,NSW,Sydney,
USA,US,IN,Plymouth,46563
USA,US,CA,South Pasadena,91030
USA,US,MD,Baltimore,21206
USA,US,NY,Potsdam,13676
USA,US,CA,Hayward,94545
Canada,CA,AB,Airdrie,T4B 2W2
USA,US,MN,Bloomington,55438
Canada,CA,MB,,
Australia,AU,VIC,Melbourne,
USA,US,OH,Cleveland area,"posted 44000, invalid zip"
Canada,CA,ON,North York,
USA,US,TX,Austin,78736
USA,US,CA,Los Angeles,90066
USA,US,PA,Newtown Square,19073
UK,GB,England,Northampton,
USA,US,FL,Jacksonville Beach,32250
Nigeria,NG,,,"no city, posted +234"
USA,US,VA,Springfield,22152
USA,US,CO,Denver,80219
USA,US,MN,Rochester,55902
USA,US,NJ,Eatontown,07724
USA,US,NC,Mocksville,27028
USA,US,TX,Dallas,75218
Canada,CA,AB,Spruce Grove area,T7X 0T1
USA,US,TX,Houston,77092
USA,US,MI,South Lyon,48178
USA,US,FL,Tampa,33616
USA,US,LA,New Orleans,70124
UK,GB,England,Reading,
USA,US,MD,Pikesville,21208
USA,US,IN,Zionsville,46077
USA,US,MA,Tewksbury,01876
Canada,CA,AB,,
USA,US,SC,Wellford,29385
USA,US,FL,Naples,34113
India,IN,,New Delhi,110017
USA,US,WY,Cody,82414
USA,US,CA,Rancho Cucamonga,91739
USA,US,CA,San Clemente,92672
USA,US,NY,Wantagh,11793
USA,US,NJ,Roseland,07068
USA,US,NC,Beaufort,
USA,US,WA,Sammamish,98075
USA,US,PA,Kingston,18704
USA,US,PA,Clifton Heights,19018
USA,US,PA,New Providence,17560
USA,US,NC,Raleigh,27614
UK,GB,England,,
UK,GB,England,Birmingham,B11
Canada,CA,ON,Collingwood,L9Y 0H6
USA,US,TN,Nolensville,37135
USA,US,TX,New Braunfels,78130
USA,US,TN,Hendersonville,37075
USA,US,VA,Leesburg,20176
USA,US,MA,Wilmington,01887
USA,US,WI,Milwaukee,53207
USA,US,IL,Chicago,
USA,US,SC,Mount Pleasant,29466
USA,US,WA,Arlington,98223
USA,US,TX,Conroe,77304
USA,US,GA,Jefferson,30549
USA,US,IL,Tuscola,61953
USA,US,MA,Lynn,01902
USA,US,AL,Haleyville,
USA,US,CO,Littleton,80128
USA,US,NC,Mooresville,28115
Canada,CA,BC,Abbotsford,V2S 1B7
USA,US,RI,Cranston,02921
USA,US,OH,Independence,44131
USA,US,AL,Wetumpka,36093
USA,US,MA,Saugus,01906
Canada,CA,BC,Vancouver,
USA,US,CA,Oceanside,92057
UK,GB,England,,
USA,US,IN,Kokomo,46902
USA,US,TX,Fort Worth,76108
USA,US,MD,Clinton,20735
USA,US,CA,Fullerton,92833
USA,US,OH,Dayton,
USA,US,MD,Baltimore,21215
USA,US,CO,Denver,80247
USA,US,OH,Willoughby,44094
USA,US,FL,Jacksonville,
USA,US,IN,Wabash,46992
Canada,CA,ON,Mississauga,
USA,US,KS,Lenexa,66227
USA,US,GA,Ball Ground,30107
USA,US,UT,Park City,84098
USA,US,FL,Green Cove Springs,32043
USA,US,MN,Litchfield,55355
Singapore,SG,,,
Canada,CA,ON,St. Thomas,N5R 2A1
UK,GB,England,"Swanley, Kent",BR8 7JE
USA,US,SC,Mount Pleasant,29466
USA,US,MO,St. Louis,63129
USA,US,CA,Corona,
USA,US,NY,Elma,14059
USA,US,NY,Massapequa,11758
USA,US,NJ,Martinsville,08836
USA,US,CT,Glastonbury,06033
USA,US,CT,East Haven,06512
USA,US,AL,Huntsville,35806
USA,US,PA,Canonsburg,15317
USA,US,VA,Blacksburg,24060
UK,GB,England,Peterborough area,PE6 8QQ
USA,US,GA,Cumming,
UK,GB,England,Manchester,
USA,US,NY,Williamsville,14221
USA,US,CA,San Francisco,
USA,US,SC,Johns Island,29455
Australia,AU,,,
USA,US,SD,Gettysburg,57442
USA,US,WI,Eau Claire,54701
USA,US,CA,Dublin,94568
USA,US,NC,Hendersonville,28791
Saudi Arabia,SA,,,
USA,US,SC,Piedmont,29673
USA,US,NC,Timberlake,27583
USA,US,FL,Orlando,
USA,US,CA,Los Angeles,90057
USA,US,MI,Battle Creek,49017
USA,US,TX,San Antonio,78233
USA,US,AZ,Queen Creek,85142
USA,US,LA,Baton Rouge,70817
USA,US,CA,Redlands,
USA,US,CA,Rancho Cordova,95670
USA,US,NJ,Cedar Grove,07009
Canada,CA,QC,Montreal area,J6R 2L1
USA,US,MA,East Longmeadow,01028
USA,US,LA,Hammond,
USA,US,TX,The Colony,75056
USA,US,TX,Austin,78732
USA,US,KY,Fort Mitchell,41017
USA,US,IA,Sheldon,51248
USA,US,CO,Boulder,80302
USA,US,PA,Harrisburg,17112
USA,US,CA,Los Angeles,90034
USA,US,NC,Charlotte,
USA,US,NY,New York,10016
USA,US,TX,Bastrop,78602
USA,US,AZ,Surprise,85387
USA,US,SC,Myrtle Beach,29588
USA,US,FL,Winter Garden,34787
USA,US,CA,Hayward,
USA,US,MA,Framingham,01701
USA,US,NC,Brevard,28712
USA,US,TX,Plano,75024
USA,US,IA,Spencer,51301
USA,US,GA,Duluth,30097
USA,US,IN,Monrovia,46157
Japan,JP,,,
USA,US,VA,Virginia Beach,23451
USA,US,TX,Sugar Land,77479
USA,US,TX,Wylie,75098
USA,US,VA,Warrenton,
USA,US,CA,Whittier,90602
USA,US,MO,St. Joseph,64506
USA,US,CA,Chatsworth,
USA,US,VA,Alexandria,22310
UK,GB,England,Yorkshire,
USA,US,MN,Chaska,55318
USA,US,IN,Vevay,47043
USA,US,SC,Fort Mill,29715
USA,US,NJ,Clark,07066
Zimbabwe,ZW,,,
USA,US,NC,Charlotte,
USA,US,FL,Palm Beach Gardens,33418
USA,US,KS,Wichita,67219
USA,US,FL,West Palm Beach,33412
USA,US,IN,Valparaiso,46385
USA,US,OR,Portland,97214
USA,US,VT,Bennington,
USA,US,NY,Westchester County,
USA,US,OR,Portland,97229
USA,US,AZ,Sun City,85373
USA,US,MT,Three Forks,59752
USA,US,WY,Pinedale,82941
USA,US,MA,,
UK,GB,England,Surrey,
USA,US,CA,Chatsworth,91311
USA,US,TX,El Paso,79925
UK,GB,England,Lancashire,
UAE,AE,,,
USA,US,WA,Bothell,98021
USA,US,ID,Meridian,83646
USA,US,NC,Wake Forest,27587
USA,US,NV,Battle Mountain,89820
Canada,CA,ON,Oshawa,L1G 5G7
South Africa,ZA,,Cape Town,
USA,US,GA,Peachtree City,30269
USA,US,IL,Peoria,61615
USA,US,FL,North Miami,33161
USA,US,PA,Horsham,19044
USA,US,VA,Norfolk,23510
USA,US,NV,Reno,
USA,US,UT,Midway,84049
USA,US,TX,Bloomburg,75556
USA,US,CA,Morro Bay,93442
USA,US,UT,South Jordan,84009
USA,US,CA,Newbury Park,91320
UK,GB,England,"Luton, England",LU3 1JP
USA,US,FL,Fort Lauderdale,33308
Australia,AU,NSW,Sydney,2093
USA,US,CA,Thousand Oaks,91362
Canada,CA,ON,Waterloo Region,N0B 2R0
Canada,CA,ON,Niagara,
USA,US,MN,Brainerd,56401
USA,US,UT,Bountiful,84010
USA,US,NY,Farmingville,11738
USA,US,NJ,East Orange,07018
USA,US,AL,Piedmont,36272
India,IN,,,
USA,US,OH,Blacklick,43004
USA,US,MO,Kansas City,64155
USA,US,CA,Fairfax,94930
USA,US,IN,Shelbyville,46176
UK,GB,England,Chester,
USA,US,UT,St. George,84770
USA,US,TX,Athens,75752
USA,US,GA,Atlanta,
USA,US,CA,Oxnard,93035
USA,US,CA,Alturas,96101
USA,US,NY,Pittsford,14534
USA,US,OR,Damascus,97089
South Africa,ZA,,Durban,4000
USA,US,PA,Pittsburgh,
USA,US,MO,Jefferson City,65101
Canada,CA,AB,Spruce Grove,T7Y 2W4
USA,US,CA,Chino,91710
USA,US,NV,North Las Vegas,89031
USA,US,WA,Puyallup,98374
USA,US,MN,Bloomington,55431
USA,US,AZ,Queen Creek,85142
USA,US,TN,Knoxville,37938
USA,US,RI,Pawtucket,02860
USA,US,CA,Los Angeles,90065
USA,US,GA,Powder Springs,30127
Canada,CA,ON,Mississauga,
USA,US,KY,Louisville,40245
USA,US,CO,Centennial,80122
USA,US,CO,Golden,80403
USA,US,CT,West Haven,06516
USA,US,PA,Pittsburgh,
Canada,CA,ON,Toronto,M9M
UK,GB,England,,
USA,US,WI,New Richmond,54017
USA,US,SC,Seneca,29678
USA,US,TN,McMinnville,37110
USA,US,NY,Lindenhurst,11757
USA,US,FL,Tampa,33609
USA,US,CT,Groton,06340
USA,US,NV,Minden,89423
USA,US,MA,Westford,01886
Canada,CA,ON,Kitchener,N2R 0E6
USA,US,WI,Cudahy,53110
USA,US,NY,Hempstead,11550
USA,US,VA,Ashburn,20148
UK,GB,Wales,,
USA,US,TN,Franklin,37069
USA,US,CA,Tustin,92780
USA,US,TX,Cypress,77429
USA,US,TX,Levelland,79336
USA,US,MI,Taylor,48180
USA,US,MS,Starkville,39759
USA,US,CA,Apple Valley,92308
USA,US,MA,,
UK,GB,England,"Chesterfield, England",S40
USA,US,NY,Montgomery,12549
USA,US,SC,Beaufort,
USA,US,RI,Riverside,02915
USA,US,NJ,Edison,08817
USA,US,TX,El Paso,79928
USA,US,FL,Central Florida,
USA,US,TN,Hendersonville,37075
USA,US,CA,Camarillo,93012
USA,US,TX,Kyle,78640
USA,US,MA,Brewster,02631
USA,US,MA,Groveland,01834
USA,US,VA,Stafford,22556
Canada,CA,ON,Ottawa,K1Y 0N3
USA,US,FL,Miami,33176
USA,US,OR,Beaverton,97007
USA,US,TX,Conroe,77304
USA,US,CA,Fresno,93722
Canada,CA,ON,Milton,L9T 6K2
USA,US,CA,Ventura,
USA,US,NC,Waxhaw,28173
Canada,CA,BC,Surrey,V3T 3J1
UK,GB,England,Nottingham,
South Africa,ZA,,,
USA,US,NJ,Mendham,07945
USA,US,CA,Ventura,93003
USA,US,OH,Cincinnati,
USA,US,CA,Redlands,92374
USA,US,MD,California,20619
USA,US,SC,Myrtle Beach,
USA,US,TX,Houston/The Woodlands/Conroe,
USA,US,TX,Conroe,77304
USA,US,TN,Thompson's Station,37179
India,IN,,,
USA,US,MD,Bethesda,20817
USA,US,VA,Fredericksburg,22406
USA,US,SC,Chapin,29036
USA,US,VA,Petersburg,23805
USA,US,FL,Jacksonville,32225
USA,US,VA,Roanoke,24014
USA,US,KY,Louisville,
USA,US,SC,Edisto Island,29438
USA,US,VA,Staunton,24401
USA,US,CT,,
USA,US,CA,Manhattan Beach,90266
USA,US,MI,Adrian,49221
Canada,CA,ON,Mississauga,L5V 1W5
USA,US,PA,Mechanicsburg,17055
USA,US,NJ,,
USA,US,CA,Clovis,93619
USA,US,AZ,Phoenix,
USA,US,GA,Smyrna,30082
Australia,AU,NSW,Murwillumbah,2484
USA,US,CA,Torrance,90504
USA,US,OH,Metamora,43540
UK,GB,England,Liverpool,
UK,GB,England,"Benfleet, Essex",SS7 3DU
USA,US,PA,Pittsburgh,15241
USA,US,MI,Romulus,48174
Nigeria,NG,,Abuja,900001
USA,US,NY,North Syracuse,13212
USA,US,CA,Elk Grove,
USA,US,VA,Charlottesville,22901
UK,GB,England,Kent,
USA,US,FL,Valrico,33594
USA,US,KS,Hillsboro,67063
USA,US,OR,St. Paul,97137
USA,US,FL,Miami,33173
Australia,AU,QLD,Townsville,
USA,US,PA,Effort,18330
South Africa,ZA,,Cape Town,8001
Australia,AU,TAS,,
USA,US,NC,Matthews,28104
USA,US,MD,Pikesville,21208
USA,US,IN,,
USA,US,MN,Twin Cities,
USA,US,NY,Huntington,11743
USA,US,AL,Trussville,35173
USA,US,TX,Rowlett,
USA,US,AZ,Tempe,
USA,US,AZ,Tucson,85712
USA,US,MD,Owings Mills,21117
USA,US,PA,Hamburg,19526
USA,US,GA,Savannah,31404
UK,GB,Wales,Cardiff,
Portugal,PT,,,
Canada,CA,BC,Nanaimo,V9S 1C2
UK,GB,England,Leeds,
USA,US,FL,West Palm Beach,33409
USA,US,NJ,Barnegat,08005
USA,US,MN,Hanover,55341
USA,US,TX,White Oak,75693
USA,US,GA,Flowery Branch,30542
USA,US,TX,Pottsboro,75076
USA,US,AZ,Wickenburg,85390
USA,US,CT,Fairfield,
USA,US,FL,Winter Garden,34787
USA,US,CA,Costa Mesa,
USA,US,SC,New Ellenton,29809
USA,US,LA,New Orleans,70124
USA,US,SC,Myrtle Beach,29579
USA,US,NC,Durham,27713
UK,GB,England,Birmingham,
USA,US,TX,Charlotte,78011
USA,US,AR,Gravette,72736
USA,US,MD,Elkridge,21075
USA,US,TX,Beaumont,77706
USA,US,AR,Springdale,72762
USA,US,NJ,Trenton,08610
USA,US,TX,Katy,77449
USA,US,CA,Palm Springs,
USA,US,CO,Highlands Ranch,80130
USA,US,NC,Morehead City,28557
USA,US,VA,,
USA,US,NC,Raleigh,
USA,US,TX,Converse,78109
USA,US,OH,Central Ohio,
USA,US,NY,Queensbury,12804
USA,US,GA,Grovetown,30813
USA,US,FL,Hialeah,33018
UK,GB,England,Cambridge,
UK,GB,England,London,
USA,US,FL,Riverview,33579
USA,US,CA,Westlake Village,91361
USA,US,OH,Amelia,
USA,US,ID,Nampa,83687
USA,US,NJ,Roselle,07203
USA,US,NY,Rochester,14624
USA,US,FL,St. Augustine,32084
USA,US,NC,Monroe,
Nigeria,NG,,Lagos,
USA,US,CA,Mission Viejo,92692
USA,US,NV,Henderson,89012
USA,US,TX,Mission,78572
USA,US,IL,Rantoul,61866
USA,US,PA,Philadelphia,19132
USA,US,WA,Spokane,99201
USA,US,FL,Fort Myers,33912
USA,US,MO,St. Louis,63123
USA,US,ID,Meridian,83646
USA,US,TX,Bryan,77808
USA,US,WA,Seattle,98118
USA,US,LA,West Monroe,71291
USA,US,WA,Everett,98208
USA,US,OK,Edmond,
Nigeria,NG,,Lagos,100001
USA,US,GA,Atlanta,30328
USA,US,AL,Birmingham,35242
USA,US,MS,Biloxi,39532
USA,US,IL,Somonauk,60552
UK,GB,England,West Midlands,
USA,US,CA,Inglewood,
USA,US,TX,Dallas,
USA,US,TX,Arlington,76013
USA,US,FL,Titusville,32796
USA,US,NC,Jacksonville,28540
Canada,CA,AB,Lloydminster,T9V 3P6
USA,US,SC,Conway,29526
USA,US,GA,Athens,
Australia,AU,WA,Perth,
USA,US,VA,Richmond,
USA,US,TX,Bullard,75757
USA,US,UT,Provo,84604
USA,US,CT,Hartford,
USA,US,NE,Omaha,68130
Canada,CA,ON,St. Catharines,L2R 5S7
USA,US,NY,,
USA,US,OH,Akron,44333
USA,US,CO,Denver,80206
USA,US,NY,Clarence,14031
USA,US,CT,Wilton,06897
USA,US,CA,Walnut Creek,94596
USA,US,TX,Kyle,78640
Chile,CL,,Santiago,
Canada,CA,BC,New Westminster,V3L
USA,US,TX,Odessa,79766
USA,US,FL,West Palm Beach,33415
USA,US,PA,Jenkintown,19046
USA,US,CO,Aurora,80010
Canada,CA,AB,Lethbridge,T1K 5C1
UK,GB,England,,
USA,US,CA,Pacific Palisades,90272
USA,US,AZ,Surprise,85388
UK,GB,England,London,
USA,US,WI,River Falls,54022
France,FR,,Biarritz,64200
USA,US,AZ,Phoenix,85016
USA,US,IL,Villa Park,60181
USA,US,NC,Cornelius,28031
USA,US,VA,Manassas,20111
USA,US,AR,Northwest Arkansas,
USA,US,PA,Doylestown,
USA,US,CA,Costa Mesa,92626
UK,GB,Scotland,Glasgow,
USA,US,NC,Charlotte,28210
USA,US,FL,Winter Garden,34787
USA,US,WI,Shawano,54166
USA,US,OR,Lorane,97451
USA,US,OH,Broadview Heights,44147
New Zealand,NZ,,Raglan,
Nigeria,NG,,Abuja,900001
USA,US,FL,,posted 34346
USA,US,FL,Homestead,33035
UAE,AE,,Dubai,
Kenya,KE,,Nairobi,
USA,US,NY,New City,10956
USA,US,PA,Pittsburgh,15243
USA,US,IN,Bloomington,47401
Canada,CA,AB,Edmonton,T6X 2Z6
USA,US,UT,Lehi,84043
USA,US,FL,Miami,33179
USA,US,OH,Hudson,44236
USA,US,MN,Rosemount,55068
USA,US,CA,Skyforest,92385
USA,US,UT,South Jordan,
USA,US,PA,Bethlehem,18015
USA,US,NC,Mooresville,28117
USA,US,WI,Belleville,53508
USA,US,CA,Rancho Cucamonga,91739
USA,US,NY,Brooklyn,11213
USA,US,ID,Sandpoint,83864
USA,US,OK,Oklahoma City,73120
USA,US,PA,Fredonia,16124
USA,US,NY,New York,
USA,US,OH,Findlay,
USA,US,CA,Paso Robles,93446
USA,US,SC,Myrtle Beach,
Nigeria,NG,,,
Morocco,MA,,,
USA,US,CA,Anaheim,92802
USA,US,NY,Staten Island,10312
USA,US,TX,McKinney,75069
UK,GB,England,Essex,
UK,GB,England,Surrey,
USA,US,GA,Calhoun,30701
USA,US,TX,Converse,78109
USA,US,MA,Shrewsbury,01545
USA,US,MD,Elkton,21921
USA,US,AL,Prattville,36067
UK,GB,Scotland,,
USA,US,CA,Santa Ana,92705
USA,US,OH,Cleveland area,"posted 44000, invalid zip"
USA,US,PA,Media,
UK,GB,England,Brighton,
USA,US,ID,Coeur d'Alene,83814
USA,US,NY,Plainview,11803
USA,US,ID,Boise,
USA,US,CA,Gilroy,95020
South Africa,ZA,,Johannesburg,2195
USA,US,FL,Oviedo,32766
USA,US,TX,Nacogdoches,75964
USA,US,NJ,Paterson,07522
USA,US,WY,"Wyoming, city unverified",83054
USA,US,GA,Sandy Springs,30350
USA,US,PA,Pittsburgh,15222
Kenya,KE,,,
USA,US,IL,Chicago,60612
USA,US,CA,Fresno,93727
USA,US,NJ,Matawan,07747
USA,US,FL,Land O' Lakes,34638
USA,US,NY,New Rochelle,10804
USA,US,NY,Brooklyn,11204
USA,US,AK,Anchorage,99507
USA,US,NY,Brooklyn,11209
USA,US,VA,McLean,22102
USA,US,CO,Colorado Springs,80910
USA,US,FL,Miami,
USA,US,CA,Camarillo,93010
USA,US,CA,San Diego,92117
USA,US,OH,North Canton,44720
USA,US,MA,Palmer,01069
USA,US,TN,Franklin,
USA,US,GA,Fayetteville,
USA,US,CA,Lakewood,
USA,US,NY,Levittown,11756
USA,US,RI,Jamestown,02835
USA,US,IN,Indianapolis,46237
USA,US,NC,Burnsville,28714
USA,US,GA,Buford,30518
USA,US,UT,Ogden,84414
USA,US,VA,Portsmouth,23707
Australia,AU,,Sydney,
USA,US,FL,Orlando,32808
Canada,CA,ON,Toronto,M9R 2R9
USA,US,TX,San Antonio,78254
